pid,nameZh,nameJp,nameEn,errPid
1,妙蛙種子,フシギダネ,Bulbasaur,
2,妙蛙草,フシギソウ,Ivysaur,
3,妙蛙花,フシギバナ,Venusaur,
4,小火龍,ヒトカゲ,Charmander,
5,火恐龍,リザード,Charmeleon,
6,噴火龍,リザードン,Charizard,
7,傑尼龜,ゼニガメ,Squirtle,
8,卡咪龜,カメール,Wartortle,
9,水箭龜,カメックス,Blastoise,
10,綠毛蟲,キャタピー,Caterpie,
11,鐵甲蛹,トランセル,Metapod,
12,巴大蝶,バタフリー,Butterfree,
13,獨角蟲,ビードル,Weedle,
14,鐵殼蛹,コクーン,Kakuna,
15,大針蜂,スピアー,Beedrill,
16,波波,ポッポ,Pidgey,
17,比比鳥,ピジョン,Pidgeotto,
18,大比鳥,ピジョット,Pidgeot,
19,小拉達,コラッタ,Rattata,
20,拉達,ラッタ,Raticate,
21,烈雀,オニスズメ,Spearow,
22,大嘴雀,オニドリル,Fearow,
23,阿柏蛇,アーボ,Ekans,
24,阿柏怪,アーボック,Arbok,
25,皮卡丘,ピカチュウ,Pikachu,
26,雷丘,ライチュウ,Raichu,
27,穿山鼠,サンド,Sandshrew,
28,穿山王,サンドパン,Sandslash,
29,尼多蘭,ニドラン♀,Nidoran♀,
30,尼多娜,ニドリーナ,Nidorina,
31,尼多后,ニドクイン,Nidoqueen,
32,尼多朗,ニドラン♂,Nidoran♂,
33,尼多力諾,ニドリーノ,Nidorino,
34,尼多王,ニドキング,Nidoking,
35,皮皮,ピッピ,Clefairy,
36,皮可西,ピクシー,Clefable,
37,六尾,ロコン,Vulpix,
38,九尾,キュウコン,Ninetales,
39,胖丁,プリン,Jigglypuff,
40,胖可丁,プクリン,Wigglytuff,
41,超音蝠,ズバット,Zubat,
42,大嘴蝠,ゴルバット,Golbat,
43,走路草,ナゾノクサ,Oddish,
44,臭臭花,クサイハナ,Gloom,
45,霸王花,ラフレシア,Vileplume,
46,派拉斯,パラス,Paras,
47,派拉斯特,パラセクト,Parasect,
48,毛球,コンパン,Venonat,
49,摩魯蛾,モルフォン,Venomoth,
50,地鼠,ディグダ,Diglett,
51,三地鼠,ダグトリオ,Dugtrio,
52,喵喵,ニャース,Meowth,
53,貓老大,ペルシアン,Persian,
54,可達鴨,コダック,Psyduck,
55,哥達鴨,ゴルダック,Golduck,
56,猴怪,マンキー,Mankey,
57,火爆猴,オコリザル,Primeape,
58,卡蒂狗,ガーディ,Growlithe,
59,風速狗,ウインディ,Arcanine,
60,蚊香蝌蚪,ニョロモ,Poliwag,
61,蚊香君,ニョロゾ,Poliwhirl,
62,蚊香泳士,ニョロボン,Poliwrath,
63,凱西,ケーシィ,Abra,
64,勇基拉,ユンゲラー,Kadabra,
65,胡地,フーディン,Alakazam,
66,腕力,ワンリキー,Machop,
67,豪力,ゴーリキー,Machoke,
68,怪力,カイリキー,Machamp,
69,喇叭芽,マダツボミ,Bellsprout,
70,口呆花,ウツドン,Weepinbell,
71,大食花,ウツボット,Victreebel,
72,瑪瑙水母,メノクラゲ,Tentacool,
73,毒刺水母,ドククラゲ,Tentacruel,
74,小拳石,イシツブテ,Geodude,
75,隆隆石,ゴローン,Graveler,
76,隆隆岩,ゴローニャ,Golem,
77,小火馬,ポニータ,Ponyta,
78,烈焰馬,ギャロップ,Rapidash,
79,呆呆獸,ヤドン,Slowpoke,
80,呆殼獸,ヤドラン,Slowbro,
81,小磁怪,コイル,Magnemite,
82,三合一磁怪,レアコイル,Magneton,
83,大蔥鴨,カモネギ,Farfetch'd,
84,嘟嘟,ドードー,Doduo,
85,嘟嘟利,ドードリオ,Dodrio,
86,小海獅,パウワウ,Seel,
87,白海獅,ジュゴン,Dewgong,
88,臭泥,ベトベター,Grimer,
89,臭臭泥,ベトベトン,Muk,
90,大舌貝,シェルダー,Shellder,
91,刺甲貝,パルシェン,Cloyster,
92,鬼斯,ゴース,Gastly,
93,鬼斯通,ゴースト,Haunter,
94,耿鬼,ゲンガー,Gengar,
95,大岩蛇,イワーク,Onix,
96,催眠貘,スリープ,Drowzee,
97,引夢貘人,スリーパー,Hypno,
98,大鉗蟹,クラブ,Krabby,
99,巨鉗蟹,キングラー,Kingler,
100,霹靂電球,ビリリダマ,Voltorb,
101,頑皮雷彈,マルマイン,Electrode,
102,蛋蛋,タマタマ,Exeggcute,
103,椰蛋樹,ナッシー,Exeggutor,
104,卡拉卡拉,カラカラ,Cubone,
105,嘎啦嘎啦,ガラガラ,Marowak,
106,飛腿郎,サワムラー,Hitmonlee,
107,快拳郎,エビワラー,Hitmonchan,
108,大舌頭,ベロリンガ,Lickitung,
109,瓦斯彈,ドガース,Koffing,
110,雙彈瓦斯,マタドガス,Weezing,
111,獨角犀牛,サイホーン,Rhyhorn,
112,鑽角犀獸,サイドン,Rhydon,
113,吉利蛋,ラッキー,Chansey,
114,蔓藤怪,モンジャラ,Tangela,
115,袋獸,ガルーラ,Kangaskhan,
116,墨海馬,タッツー,Horsea,
117,海刺龍,シードラ,Seadra,
118,角金魚,トサキント,Goldeen,
119,金魚王,アズマオウ,Seaking,
120,海星星,ヒトデマン,Staryu,
121,寶石海星,スターミー,Starmie,
122,魔牆人偶,バリヤード,Mr. Mime,
123,飛天螳螂,ストライク,Scyther,
124,迷唇姐,ルージュラ,Jynx,
125,電擊獸,エレブー,Electabuzz,
126,鴨嘴火獸,ブーバー,Magmar,
127,凱羅斯,カイロス,Pinsir,
128,肯泰羅,ケンタロス,Tauros,
129,鯉魚王,コイキング,Magikarp,
130,暴鯉龍,ギャラドス,Gyarados,
131,拉普拉斯,ラプラス,Lapras,
132,百變怪,メタモン,Ditto,
133,伊布,イーブイ,Eevee,
134,水伊布,シャワーズ,Vaporeon,
135,雷伊布,サンダース,Jolteon,
136,火伊布,ブースター,Flareon,
137,多邊獸,ポリゴン,Porygon,
138,菊石獸,オムナイト,Omanyte,
139,多刺菊石獸,オムスター,Omastar,
140,化石盔,カブト,Kabuto,
141,鐮刀盔,カブトプス,Kabutops,
142,化石翼龍,プテラ,Aerodactyl,
143,卡比獸,カビゴン,Snorlax,
144,急凍鳥,フリーザー,Articuno,
145,閃電鳥,サンダー,Zapdos,
146,火焰鳥,ファイヤー,Moltres,
147,迷你龍,ミニリュウ,Dratini,
148,哈克龍,ハクリュー,Dragonair,
149,快龍,カイリュー,Dragonite,
150,超夢,ミュウツー,Mewtwo,
151,夢幻,ミュウ,Mew,
152,菊草葉,チコリータ,Chikorita,
153,月桂葉,ベイリーフ,Bayleef,
154,大竺葵,メガニウム,Meganium,
155,火球鼠,ヒノアラシ,Cyndaquil,
156,火岩鼠,マグマラシ,Quilava,
157,火爆獸,バクフーン,Typhlosion,
158,小鋸鱷,ワニノコ,Totodile,
159,藍鱷,アリゲイツ,Croconaw,
160,大力鱷,オーダイル,Feraligatr,
161,尾立,オタチ,Sentret,
162,大尾立,オオタチ,Furret,
163,咕咕,ホーホー,Hoothoot,
164,貓頭夜鷹,ヨルノズク,Noctowl,
165,芭瓢蟲,レディバ,Ledyba,
166,安瓢蟲,レディアン,Ledian,
167,圓絲蛛,イトマル,Spinarak,
168,阿利多斯,アリアドス,Ariados,
169,叉字蝠,クロバット,Crobat,
170,燈籠魚,チョンチー,Chinchou,
171,電燈怪,ランターン,Lanturn,
172,皮丘,ピチュー,Pichu,
173,皮寶寶,ピィ,Cleffa,
174,寶寶丁,ププリン,Igglybuff,
175,波克比,トゲピー,Togepi,
176,波克基古,トゲチック,Togetic,
177,天然雀,ネイティ,Natu,
178,天然鳥,ネイティオ,Xatu,
179,咩利羊,メリープ,Mareep,
180,茸茸羊,モココ,Flaaffy,
181,電龍,デンリュウ,Ampharos,
182,美麗花,キレイハナ,Bellossom,
183,瑪力露,マリル,Marill,
184,瑪力露麗,マリルリ,Azumarill,
185,樹才怪,ウソッキー,Sudowoodo,
186,蚊香蛙皇,ニョロトノ,Politoed,
187,毽子草,ハネッコ,Hoppip,
188,毽子花,ポポッコ,Skiploom,
189,毽子棉,ワタッコ,Jumpluff,
190,長尾怪手,エイパム,Aipom,
191,向日種子,ヒマナッツ,Sunkern,
192,向日花怪,キマワリ,Sunflora,
193,蜻蜻蜓,ヤンヤンマ,Yanma,
194,烏波,ウパー,Wooper,
195,沼王,ヌオー,Quagsire,
196,太陽伊布,エーフィ,Espeon,
197,月亮伊布,ブラッキー,Umbreon,
198,黑暗鴉,ヤミカラス,Murkrow,
199,呆呆王,ヤドキング,Slowking,
200,夢妖,ムウマ,Misdreavus,
201,未知圖騰,アンノーン,Unown,
202,果然翁,ソーナンス,Wobbuffet,
203,麒麟奇,キリンリキ,Girafarig,
204,榛果球,クヌギダマ,Pineco,
205,佛烈托斯,フォレトス,Forretress,
206,土龍弟弟,ノコッチ,Dunsparce,
207,天蠍,グライガー,Gligar,
208,大鋼蛇,ハガネール,Steelix,
209,布魯,ブルー,Snubbull,
210,布魯皇,グランブル,Granbull,
211,千針魚,ハリーセン,Qwilfish,
212,巨鉗螳螂,ハッサム,Scizor,
213,壺壺,ツボツボ,Shuckle,
214,赫拉克羅斯,ヘラクロス,Heracross,
215,狃拉,ニューラ,Sneasel,
216,熊寶寶,ヒメグマ,Teddiursa,
217,圈圈熊,リングマ,Ursaring,
218,熔岩蟲,マグマッグ,Slugma,
219,熔岩蝸牛,マグカルゴ,Magcargo,
220,小山豬,ウリムー,Swinub,
221,長毛豬,イノムー,Piloswine,
222,太陽珊瑚,サニーゴ,Corsola,
223,鐵炮魚,テッポウオ,Remoraid,
224,章魚桶,オクタン,Octillery,
225,信使鳥,デリバード,Delibird,
226,巨翅飛魚,マンタイン,Mantine,
227,盔甲鳥,エアームド,Skarmory,
228,戴魯比,デルビル,Houndour,
229,黑魯加,ヘルガー,Houndoom,
230,刺龍王,キングドラ,Kingdra,
231,小小象,ゴマゾウ,Phanpy,
232,頓甲,ドンファン,Donphan,
233,多邊獸Ⅱ,ポリゴン２,Porygon2,
234,驚角鹿,オドシシ,Stantler,
235,圖圖犬,ドーブル,Smeargle,
236,無畏小子,バルキー,Tyrogue,
237,戰舞郎,カポエラー,Hitmontop,
238,迷唇娃,ムチュール,Smoochum,
239,電擊怪,エレキッド,Elekid,
240,鴨嘴寶寶,ブビィ,Magby,
241,大奶罐,ミルタンク,Miltank,
242,幸福蛋,ハピナス,Blissey,
243,雷公,ライコウ,Raikou,
244,炎帝,エンテイ,Entei,
245,水君,スイクン,Suicune,
246,幼基拉斯,ヨーギラス,Larvitar,
247,沙基拉斯,サナギラス,Pupitar,
248,班基拉斯,バンギラス,Tyranitar,
249,洛奇亞,ルギア,Lugia,
250,鳳王,ホウオウ,Ho-Oh,
251,時拉比,セレビィ,Celebi,
252,木守宮,キモリ,Treecko,
253,森林蜥蜴,ジュプトル,Grovyle,
254,蜥蜴王,ジュカイン,Sceptile,
255,火稚雞,アチャモ,Torchic,
256,力壯雞,ワカシャモ,Combusken,
257,火焰雞,バシャーモ,Blaziken,
258,水躍魚,ミズゴロウ,Mudkip,
259,沼躍魚,ヌマクロー,Marshtomp,
260,巨沼怪,ラグラージ,Swampert,
261,土狼犬,ポチエナ,Poochyena,
262,大狼犬,グラエナ,Mightyena,
263,蛇紋熊,ジグザグマ,Zigzagoon,
264,直衝熊,マッスグマ,Linoone,
265,刺尾蟲,ケムッソ,Wurmple,
266,甲殼繭,カラサリス,Silcoon,
267,狩獵鳳蝶,アゲハント,Beautifly,
268,盾甲繭,マユルド,Cascoon,
269,毒粉蛾,ドクケイル,Dustox,
270,蓮葉童子,ハスボー,Lotad,
271,蓮帽小童,ハスブレロ,Lombre,
272,樂天河童,ルンパッパ,Ludicolo,
273,橡實果,タネボー,Seedot,
274,長鼻葉,コノハナ,Nuzleaf,
275,狡猾天狗,ダーテング,Shiftry,
276,傲骨燕,スバメ,Taillow,
277,大王燕,オオスバメ,Swellow,
278,長翅鷗,キャモメ,Wingull,
279,大嘴鷗,ペリッパー,Pelipper,
280,拉魯拉絲,ラルトス,Ralts,
281,奇魯莉安,キルリア,Kirlia,
282,沙奈朵,サーナイト,Gardevoir,
283,溜溜糖球,アメタマ,Surskit,
284,雨翅蛾,アメモース,Masquerain,
285,蘑蘑菇,キノココ,Shroomish,
286,斗笠菇,キノガッサ,Breloom,
287,懶人獺,ナマケロ,Slakoth,
288,過動猿,ヤルキモノ,Vigoroth,
289,請假王,ケッキング,Slaking,
290,土居忍士,ツチニン,Nincada,
291,鐵面忍者,テッカニン,Ninjask,
292,脫殼忍者,ヌケニン,Shedinja,
293,咕妞妞,ゴニョニョ,Whismur,
294,吼爆彈,ドゴーム,Loudred,
295,爆音怪,バクオング,Exploud,
296,幕下力士,マクノシタ,Makuhita,
297,鐵掌力士,ハリテヤマ,Hariyama,
298,露力麗,ルリリ,Azurill,
299,朝北鼻,ノズパス,Nosepass,
300,向尾喵,エネコ,Skitty,
301,優雅貓,エネコロロ,Delcatty,
302,勾魂眼,ヤミラミ,Sableye,
303,大嘴娃,クチート,Mawile,
304,可可多拉,ココドラ,Aron,
305,可多拉,コドラ,Lairon,
306,波士可多拉,ボスゴドラ,Aggron,
307,瑪沙那,アサナン,Meditite,
308,恰雷姆,チャーレム,Medicham,
309,落雷獸,ラクライ,Electrike,
310,雷電獸,ライボルト,Manectric,
311,正電拍拍,プラスル,Plusle,
312,負電拍拍,マイナン,Minun,
313,電螢蟲,バルビート,Volbeat,
314,甜甜螢,イルミーゼ,Illumise,
315,毒薔薇,ロゼリア,Roselia,
316,溶食獸,ゴクリン,Gulpin,
317,吞食獸,マルノーム,Swalot,
318,利牙魚,キバニア,Carvanha,
319,巨牙鯊,サメハダー,Sharpedo,
320,吼吼鯨,ホエルコ,Wailmer,
321,吼鯨王,ホエルオー,Wailord,
322,呆火駝,ドンメル,Numel,
323,噴火駝,バクーダ,Camerupt,
324,煤炭龜,コータス,Torkoal,
325,跳跳豬,バネブー,Spoink,
326,噗噗豬,ブーピッグ,Grumpig,
327,晃晃斑,パッチール,Spinda,
328,大顎蟻,ナックラー,Trapinch,
329,超音波幼蟲,ビブラーバ,Vibrava,
330,沙漠蜻蜓,フライゴン,Flygon,
331,刺球仙人掌,サボネア,Cacnea,
332,夢歌仙人掌,ノクタス,Cacturne,
333,青綿鳥,チルット,Swablu,
334,七夕青鳥,チルタリス,Altaria,
335,貓鼬斬,ザングース,Zangoose,
336,飯匙蛇,ハブネーク,Seviper,
337,月石,ルナトーン,Lunatone,
338,太陽岩,ソルロック,Solrock,
339,泥泥鰍,ドジョッチ,Barboach,
340,鯰魚王,ナマズン,Whiscash,
341,龍蝦小兵,ヘイガニ,Corphish,
342,鐵螯龍蝦,シザリガー,Crawdaunt,
343,天秤偶,ヤジロン,Baltoy,
344,念力土偶,ネンドール,Claydol,
345,觸手百合,リリーラ,Lileep,
346,搖籃百合,ユレイドル,Cradily,
347,太古羽蟲,アノプス,Anorith,
348,太古盔甲,アーマルド,Armaldo,
349,醜醜魚,ヒンバス,Feebas,
350,美納斯,ミロカロス,Milotic,
351,飄浮泡泡,ポワルン,Castform,
352,變隱龍,カクレオン,Kecleon,
353,怨影娃娃,カゲボウズ,Shuppet,
354,詛咒娃娃,ジュペッタ,Banette,
355,夜巡靈,ヨマワル,Duskull,
356,彷徨夜靈,サマヨール,Dusclops,
357,熱帶龍,トロピウス,Tropius,
358,風鈴鈴,チリーン,Chimecho,
359,阿勃梭魯,アブソル,Absol,
360,小果然,ソーナノ,Wynaut,
361,雪童子,ユキワラシ,Snorunt,
362,冰鬼護,オニゴーリ,Glalie,
363,海豹球,タマザラシ,Spheal,
364,海魔獅,トドグラー,Sealeo,
365,帝牙海獅,トドゼルガ,Walrein,
366,珍珠貝,パールル,Clamperl,
367,獵斑魚,ハンテール,Huntail,
368,櫻花魚,サクラビス,Gorebyss,
369,古空棘魚,ジーランス,Relicanth,
370,愛心魚,ラブカス,Luvdisc,
371,寶貝龍,タツベイ,Bagon,
372,甲殼龍,コモルー,Shelgon,
373,暴飛龍,ボーマンダ,Salamence,
374,鐵啞鈴,ダンバル,Beldum,
375,金屬怪,メタング,Metang,
376,巨金怪,メタグロス,Metagross,
377,雷吉洛克,レジロック,Regirock,
378,雷吉艾斯,レジアイス,Regice,
379,雷吉斯奇魯,レジスチル,Registeel,
380,拉帝亞斯,ラティアス,Latias,
381,拉帝歐斯,ラティオス,Latios,
382,蓋歐卡,カイオーガ,Kyogre,
383,固拉多,グラードン,Groudon,
384,烈空坐,レックウザ,Rayquaza,
385,基拉祈,ジラーチ,Jirachi,
386,代歐奇希斯,デオキシス,Deoxys,
387,草苗龜,ナエトル,Turtwig,
388,樹林龜,ハヤシガメ,Grotle,
389,土台龜,ドダイトス,Torterra,
390,小火焰猴,ヒコザル,Chimchar,
391,猛火猴,モウカザル,Monferno,
392,烈焰猴,ゴウカザル,Infernape,
393,波加曼,ポッチャマ,Piplup,
394,波皇子,ポッタイシ,Prinplup,
395,帝王拿波,エンペルト,Empoleon,
396,姆克兒,ムックル,Starly,
397,姆克鳥,ムクバード,Staravia,
398,姆克鷹,ムクホーク,Staraptor,
399,大牙狸,ビッパ,Bidoof,
400,大尾狸,ビーダル,Bibarel,
401,圓法師,コロボーシ,Kricketot,
402,音箱蟀,コロトック,Kricketune,
403,小貓怪,コリンク,Shinx,
404,勒克貓,ルクシオ,Luxio,
405,倫琴貓,レントラー,Luxray,
406,含羞苞,スボミー,Budew,
407,羅絲雷朵,ロズレイド,Roserade,
408,頭蓋龍,ズガイドス,Cranidos,
409,戰槌龍,ラムパルド,Rampardos,
410,盾甲龍,タテトプス,Shieldon,
411,護城龍,トリデプス,Bastiodon,
412,結草兒,ミノムッチ,Burmy,
413,結草貴婦,ミノマダム,Wormadam,
414,紳士蛾,ガーメイル,Mothim,
415,三蜜蜂,ミツハニー,Combee,
416,蜂女王,ビークイン,Vespiquen,
417,帕奇利茲,パチリス,Pachirisu,
418,泳圈鼬,ブイゼル,Buizel,
419,浮潛鼬,フローゼル,Floatzel,
420,櫻花寶,チェリンボ,Cherubi,
421,櫻花兒,チェリム,Cherrim,
422,無殼海兔,カラナクシ,Shellos,
423,海兔獸,トリトドン,Gastrodon,
424,雙尾怪手,エテボース,Ambipom,
425,飄飄球,フワンテ,Drifloon,
426,隨風球,フワライド,Drifblim,
427,捲捲耳,ミミロル,Buneary,
428,長耳兔,ミミロップ,Lopunny,
429,夢妖魔,ムウマージ,Mismagius,
430,烏鴉頭頭,ドンカラス,Honchkrow,
431,魅力喵,ニャルマー,Glameow,
432,東施喵,ブニャット,Purugly,
433,鈴鐺響,リーシャン,Chingling,
434,臭鼬噗,スカンプー,Stunky,
435,坦克臭鼬,スカタンク,Skuntank,
436,銅鏡怪,ドーミラー,Bronzor,
437,青銅鐘,ドータクン,Bronzong,
438,盆才怪,ウソハチ,Bonsly,
439,魔尼尼,マネネ,Mime Jr.,
440,小福蛋,ピンプク,Happiny,
441,聒噪鳥,ペラップ,Chatot,
442,花岩怪,ミカルゲ,Spiritomb,
443,圓陸鯊,フカマル,Gible,
444,尖牙陸鯊,ガバイト,Gabite,
445,烈咬陸鯊,ガブリアス,Garchomp,
446,小卡比獸,ゴンベ,Munchlax,
447,利歐路,リオル,Riolu,
448,路卡利歐,ルカリオ,Lucario,
449,沙河馬,ヒポポタス,Hippopotas,
450,河馬獸,カバルドン,Hippowdon,
451,鉗尾蠍,スコルピ,Skorupi,
452,龍王蠍,ドラピオン,Drapion,
453,不良蛙,グレッグル,Croagunk,
454,毒骷蛙,ドクロッグ,Toxicroak,
455,尖牙籠,マスキッパ,Carnivine,
456,螢光魚,ケイコウオ,Finneon,
457,霓虹魚,ネオラント,Lumineon,
458,小球飛魚,タマンタ,Mantyke,
459,雪笠怪,ユキカブリ,Snover,
460,暴雪王,ユキノオー,Abomasnow,
461,瑪狃拉,マニューラ,Weavile,
462,自爆磁怪,ジバコイル,Magnezone,
463,大舌舔,ベロベルト,Lickilicky,
464,超甲狂犀,ドサイドン,Rhyperior,
465,巨蔓藤,モジャンボ,Tangrowth,
466,電擊魔獸,エレキブル,Electivire,
467,鴨嘴炎獸,ブーバーン,Magmortar,
468,波克基斯,トゲキッス,Togekiss,
469,遠古巨蜓,メガヤンマ,Yanmega,
470,葉伊布,リーフィア,Leafeon,
471,冰伊布,グレイシア,Glaceon,
472,天蠍王,グライオン,Gliscor,
473,象牙豬,マンムー,Mamoswine,
474,多邊獸Ｚ,ポリゴンＺ,Porygon-Z,
475,艾路雷朵,エルレイド,Gallade,
476,大朝北鼻,ダイノーズ,Probopass,
477,黑夜魔靈,ヨノワール,Dusknoir,
478,雪妖女,ユキメノコ,Froslass,
479,洛托姆,ロトム,Rotom,
480,由克希,ユクシー,Uxie,
481,艾姆利多,エムリット,Mesprit,
482,亞克諾姆,アグノム,Azelf,
483,帝牙盧卡,ディアルガ,Dialga,
484,帕路奇亞,パルキア,Palkia,
485,席多藍恩,ヒードラン,Heatran,
486,雷吉奇卡斯,レジギガス,Regigigas,
487,騎拉帝納,ギラティナ,Giratina,
488,克雷色利亞,クレセリア,Cresselia,
489,霏歐納,フィオネ,Phione,
490,瑪納霏,マナフィ,Manaphy,
491,達克萊伊,ダークライ,Darkrai,
492,謝米,シェイミ,Shaymin,
493,阿爾宙斯,アルセウス,Arceus,
494,比克提尼,ビクティニ,Victini,
495,藤藤蛇,ツタージャ,Snivy,
496,青藤蛇,ジャノビー,Servine,
497,君主蛇,ジャローダ,Serperior,
498,暖暖豬,ポカブ,Tepig,
499,炒炒豬,チャオブー,Pignite,
500,炎武王,エンブオー,Emboar,
501,水水獺,ミジュマル,Oshawott,
502,雙刃丸,フタチマル,Dewott,
503,大劍鬼,ダイケンキ,Samurott,
504,探探鼠,ミネズミ,Patrat,
505,步哨鼠,ミルホッグ,Watchog,
506,小約克,ヨーテリー,Lillipup,
507,哈約克,ハーデリア,Herdier,
508,長毛狗,ムーランド,Stoutland,
509,扒手貓,チョロネコ,Purrloin,
510,酷豹,レパルダス,Liepard,
511,花椰猴,ヤナップ,Pansage,
512,花椰猿,ヤナッキー,Simisage,
513,爆香猴,バオップ,Pansear,
514,爆香猿,バオッキー,Simisear,
515,冷水猴,ヒヤップ,Panpour,
516,冷水猿,ヒヤッキー,Simipour,
517,食夢夢,ムンナ,Munna,
518,夢夢蝕,ムシャーナ,Musharna,
519,豆豆鴿,マメパト,Pidove,
520,咕咕鴿,ハトーボー,Tranquill,
521,高傲雉雞,ケンホロウ,Unfezant,
522,斑斑馬,シママ,Blitzle,
523,雷電斑馬,ゼブライカ,Zebstrika,
524,石丸子,ダンゴロ,Roggenrola,
525,地幔岩,ガントル,Boldore,
526,龐岩怪,ギガイアス,Gigalith,
527,滾滾蝙蝠,コロモリ,Woobat,
528,心蝙蝠,ココロモリ,Swoobat,
529,螺釘地鼠,モグリュー,Drilbur,
530,龍頭地鼠,ドリュウズ,Excadrill,
531,差不多娃娃,タブンネ,Audino,
532,搬運小匠,ドッコラー,Timburr,
533,鐵骨土人,ドテッコツ,Gurdurr,
534,修建老匠,ローブシン,Conkeldurr,
535,圓蝌蚪,オタマロ,Tympole,
536,藍蟾蜍,ガマガル,Palpitoad,
537,蟾蜍王,ガマゲロゲ,Seismitoad,
538,投摔鬼,ナゲキ,Throh,
539,打擊鬼,ダゲキ,Sawk,
540,蟲寶包,クルミル,Sewaddle,
541,寶包繭,クルマユ,Swadloon,
542,保母蟲,ハハコモリ,Leavanny,
543,百足蜈蚣,フシデ,Venipede,
544,車輪毬,ホイーガ,Whirlipede,
545,蜈蚣王,ペンドラー,Scolipede,
546,木棉球,モンメン,Cottonee,
547,風妖精,エルフーン,Whimsicott,
548,百合根娃娃,チュリネ,Petilil,
549,裙兒小姐,ドレディア,Lilligant,
550,野蠻鱸魚,バスラオ,Basculin,
551,黑眼鱷,メグロコ,Sandile,
552,混混鱷,ワルビル,Krokorok,
553,流氓鱷,ワルビアル,Krookodile,
554,火紅不倒翁,ダルマッカ,Darumaka,
555,達摩狒狒,ヒヒダルマ,Darmanitan,
556,沙鈴仙人掌,マラカッチ,Maractus,
557,石居蟹,イシズマイ,Dwebble,
558,岩殿居蟹,イワパレス,Crustle,
559,滑滑小子,ズルッグ,Scraggy,
560,頭巾混混,ズルズキン,Scrafty,
561,象徵鳥,シンボラー,Sigilyph,
562,哭哭面具,デスマス,Yamask,
563,死神棺,デスカーン,Cofagrigus,
564,原蓋海龜,プロトーガ,Tirtouga,
565,肋骨海龜,アバゴーラ,Carracosta,
566,始祖小鳥,アーケン,Archen,
567,始祖大鳥,アーケオス,Archeops,
568,破破袋,ヤブクロン,Trubbish,
569,灰塵山,ダストダス,Garbodor,
570,索羅亞,ゾロア,Zorua,
571,索羅亞克,ゾロアーク,Zoroark,
572,泡沫栗鼠,チラーミィ,Minccino,
573,奇諾栗鼠,チラチーノ,Cinccino,
574,哥德寶寶,ゴチム,Gothita,
575,哥德小童,ゴチミル,Gothorita,
576,哥德小姐,ゴチルゼル,Gothitelle,
577,單卵細胞球,ユニラン,Solosis,
578,雙卵細胞球,ダブラン,Duosion,
579,人造細胞卵,ランクルス,Reuniclus,
580,鴨寶寶,コアルヒー,Ducklett,
581,舞天鵝,スワンナ,Swanna,
582,迷你冰,バニプッチ,Vanillite,
583,多多冰,バニリッチ,Vanillish,
584,雙倍多多冰,バイバニラ,Vanilluxe,
585,四季鹿,シキジカ,Deerling,
586,萌芽鹿,メブキジカ,Sawsbuck,
587,電飛鼠,エモンガ,Emolga,
588,蓋蓋蟲,カブルモ,Karrablast,
589,騎士蝸牛,シュバルゴ,Escavalier,
590,哎呀球菇,タマゲタケ,Foongus,
591,敗露球菇,モロバレル,Amoonguss,
592,輕飄飄,プルリル,Frillish,
593,胖嘟嘟,ブルンゲル,Jellicent,
594,保母曼波,ママンボウ,Alomomola,
595,電電蟲,バチュル,Joltik,
596,電蜘蛛,デンチュラ,Galvantula,
597,種子鐵球,テッシード,Ferroseed,
598,堅果啞鈴,ナットレイ,Ferrothorn,
599,齒輪兒,ギアル,Klink,
600,齒輪組,ギギアル,Klang,
601,齒輪怪,ギギギアル,Klinklang,
602,麻麻小魚,シビシラス,Tynamo,
603,麻麻鰻,シビビール,Eelektrik,
604,麻麻鰻魚王,シビルドン,Eelektross,
605,小灰怪,リグレー,Elgyem,
606,大宇怪,オーベム,Beheeyem,
607,燭光靈,ヒトモシ,Litwick,
608,燈火幽靈,ランプラー,Lampent,
609,水晶燈火靈,シャンデラ,Chandelure,
610,牙牙,キバゴ,Axew,
611,斧牙龍,オノンド,Fraxure,
612,雙斧戰龍,オノノクス,Haxorus,
613,噴嚏熊,クマシュン,Cubchoo,
614,凍原熊,ツンベアー,Beartic,
615,幾何雪花,フリージオ,Cryogonal,
616,小嘴蝸,チョボマキ,Shelmet,
617,敏捷蟲,アギルダー,Accelgor,
618,泥巴魚,マッギョ,Stunfisk,
619,功夫鼬,コジョフー,Mienfoo,
620,師父鼬,コジョンド,Mienshao,
621,赤面龍,クリムガン,Druddigon,
622,泥偶小人,ゴビット,Golett,
623,泥偶巨人,ゴルーグ,Golurk,
624,駒刀小兵,コマタナ,Pawniard,
625,劈斬司令,キリキザン,Bisharp,
626,爆炸頭水牛,バッフロン,Bouffalant,
627,毛頭小鷹,ワシボン,Rufflet,
628,勇士雄鷹,ウォーグル,Braviary,
629,禿鷹丫頭,バルチャイ,Vullaby,
630,禿鷹娜,バルジーナ,Mandibuzz,
631,熔蟻獸,クイタラン,Heatmor,
632,鐵蟻,アイアント,Durant,
633,單首龍,モノズ,Deino,
634,雙首暴龍,ジヘッド,Zweilous,
635,三首惡龍,サザンドラ,Hydreigon,
636,燃燒蟲,メラルバ,Larvesta,
637,火神蛾,ウルガモス,Volcarona,
638,勾帕路翁,コバルオン,Cobalion,
639,代拉基翁,テラキオン,Terrakion,
640,畢力吉翁,ビリジオン,Virizion,
641,龍捲雲,トルネロス,Tornadus,
642,雷電雲,ボルトロス,Thundurus,
643,萊希拉姆,レシラム,Reshiram,
644,捷克羅姆,ゼクロム,Zekrom,
645,土地雲,ランドロス,Landorus,
646,酋雷姆,キュレム,Kyurem,
647,凱路迪歐,ケルディオ,Keldeo,
648,美洛耶塔,メロエッタ,Meloetta,
649,蓋諾賽克特,ゲノセクト,Genesect,
650,哈力栗,ハリマロン,Chespin,720
651,胖胖哈力,ハリボーグ,Quilladin,721
652,布里卡隆,ブリガロン,Chesnaught,722
653,火狐狸,フォッコ,Fennekin,717
654,長尾火狐,テールナー,Braixen,718
655,妖火紅狐,マフォクシー,Delphox,719
656,呱呱泡蛙,ケロマツ,Froakie,723
657,呱頭蛙,ゲコガシラ,Frogadier,724
658,甲賀忍蛙,ゲッコウガ,Greninja,725
659,掘掘兔,ホルビー,Bunnelby,
660,掘地兔,ホルード,Diggersby,
661,小箭雀,ヤヤコマ,Fletchling,753
662,火箭雀,ヒノヤコマ,Fletchinder,754
663,烈箭鷹,ファイアロー,Talonflame,755
664,粉蝶蟲,コフキムシ,Scatterbug,706
665,粉蝶蛹,コフーライ,Spewpa,707
666,彩粉蝶,ビビヨン,Vivillon,708
667,小獅獅,シシコ,Litleo,704
668,火炎獅,カエンジシ,Pyroar,705
669,花蓓蓓,フラベベ,Flabébé,713
670,花葉蒂,フラエッテ,Floette,714
671,花潔夫人,フラージェス,Florges,715
672,坐騎小羊,メェークル,Skiddo,728
673,坐騎山羊,ゴーゴート,Gogoat,729
674,頑皮熊貓,ヤンチャム,Pancham,
675,流氓熊貓,ゴロンダ,Pangoro,
676,多麗米亞,トリミアン,Furfrou,
677,妙喵,ニャスパー,Espurr,
678,超能妙喵,ニャオニクス,Meowstic,
679,獨劍鞘,ヒトツキ,Honedge,
680,雙劍鞘,ニダンギル,Doublade,
681,堅盾劍怪,ギルガルド,Aegislash,
682,粉香香,シュシュプ,Spritzee,
683,芳香精,フレフワン,Aromatisse,
684,綿綿泡芙,ペロッパフ,Swirlix,
685,胖甜妮,ペロリーム,Slurpuff,
686,好啦魷,マーイーカ,Inkay,
687,烏賊王,カラマネロ,Malamar,
688,龜腳腳,カメテテ,Binacle,
689,龜足巨鎧,ガメノデス,Barbaracle,
690,垃垃藻,クズモー,Skrelp,709
691,毒藻龍,ドラミドロ,Dragalge,710
692,鐵臂槍蝦,ウデッポウ,Clauncher,756
693,鋼炮臂蝦,ブロスター,Clawitzer,757
694,傘電蜥,エリキテル,Helioptile,
695,光電傘蜥,エレザード,Heliolisk,
696,寶寶暴龍,チゴラス,Tyrunt,
697,怪顎龍,ガチゴラス,Tyrantrum,
698,冰雪龍,アマルス,Amaura,
699,冰雪巨龍,アマルルガ,Aurorus,
700,仙子伊布,ニンフィア,Sylveon,767
701,摔角鷹人,ルチャブル,Hawlucha,761
702,咚咚鼠,デデンネ,Dedenne,741
703,小碎鑽,メレシー,Carbink,766
704,黏黏寶,ヌメラ,Goomy,763
705,黏美兒,ヌメイル,Sliggoo,764
706,黏美龍,ヌメルゴン,Goodra,765
707,鑰圈兒,クレッフィ,Klefki,760
708,小木靈,ボクレー,Phantump,702
709,朽木妖,オーロット,Trevenant,703
710,南瓜精,バケッチャ,Pumpkaboo,
711,南瓜怪人,パンプジン,Gourgeist,
712,冰寶,カチコール,Bergmite,749
713,冰岩怪,クレベース,Avalugg,751
714,嗡蝠,オンバット,Noibat,716
715,音波龍,オンバーン,Noivern,762
716,哲爾尼亞斯,ゼルネアス,Xerneas,
717,伊裴爾塔爾,イベルタル,Yveltal,
718,基格爾德,ジガルデ,Zygarde,
719,蒂安希,ディアンシー,Diancie,772
720,胡帕,フーパ,Hoopa,774
721,波爾凱尼恩,ボルケニオン,Volcanion,773
722,木木梟,モクロー,Rowlet,841
723,投羽梟,フクスロー,Dartrix,842
724,狙射樹梟,ジュナイパー,Decidueye,843
725,火斑喵,ニャビー,Litten,
726,炎熱喵,ニャヒート,Torracat,
727,熾焰咆哮虎,ガオガエン,Incineroar,
728,球球海獅,アシマリ,Popplio,
729,花漾海獅,オシャマリ,Brionne,
730,西獅海壬,アシレーヌ,Primarina,
731,小篤兒,ツツケラ,Pikipek,
732,喇叭啄鳥,ケララッパ,Trumbeak,
733,銃嘴大鳥,ドデカバシ,Toucannon,
734,貓鼬少,ヤングース,Yungoos,826
735,貓鼬探長,デカグース,Gumshoos,827
736,強顎雞母蟲,アゴジムシ,Grubbin,836
737,蟲電寶,デンヂムシ,Charjabug,837
738,鍬農炮蟲,クワガノン,Vikavolt,838
739,好勝蟹,マケンカニ,Crabrawler,859
740,好勝毛蟹,ケケンカニ,Crabominable,860
741,花舞鳥,オドリドリ,Oricorio,825
742,萌虻,アブリー,Cutiefly,834
743,蝶結萌虻,アブリボン,Ribombee,835
744,岩狗狗,イワンコ,Rockruff,828
745,鬃岩狼人,ルガルガン,Lycanroc,829
746,弱丁魚,ヨワシ,Wishiwashi,
747,好壞星,ヒドイデ,Mareanie,801
748,超壞星,ドヒドイデ,Toxapex,802
749,泥驢仔,ドロバンコ,Mudbray,839
750,重泥挽馬,バンバドロ,Mudsdale,840
751,滴蛛,シズクモ,Dewpider,
752,滴蛛霸,オニシズクモ,Araquanid,
753,偽螳草,カリキリ,Fomantis,868
754,蘭螳花,ラランテス,Lurantis,869
755,睡睡菇,ネマシュ,Morelull,
756,燈罩夜菇,マシェード,Shiinotic,
757,夜盜火蜥,ヤトウモリ,Salandit,805
758,焰后蜥,エンニュート,Salazzle,806
759,童偶熊,ヌイコグマ,Stufful,
760,穿著熊,キテルグマ,Bewear,
761,甜竹竹,アマカジ,Bounsweet,812
762,甜舞妮,アママイコ,Steenee,813
763,甜冷美后,アマージョ,Tsareena,814
764,花療環環,キュワワー,Comfey,
765,智揮猩,ヤレユータン,Oranguru,810
766,投擲猴,ナゲツケサル,Passimian,815
767,膽小蟲,コソクムシ,Wimpod,
768,具甲武者,グソクムシャ,Golisopod,
769,沙丘娃,スナバァ,Sandygast,822
770,噬沙堡爺,シロデスナ,Palossand,823
771,拳海參,ナマコブシ,Pyukumuku,
772,屬性：空,タイプ：ヌル,Type:,
773,銀伴戰獸,シルヴァディ,Silvally,
774,小隕星,メテノ,Minior,
775,樹枕尾熊,ネッコアラ,Komala,811
776,爆焰龜獸,バクガメス,Turtonator,
777,托戈德瑪爾,トゲデマル,Togedemaru,
778,謎擬Ｑ,ミミッキュ,Mimikyu,819
779,磨牙彩皮魚,ハギギシリ,Bruxish,855
780,老翁龍,ジジーロン,Drampa,
781,破破舵輪,ダダリン,Dhelmise,
782,心鱗寶,ジャラコ,Jangmo-o,816
783,鱗甲龍,ジャランゴ,Hakamo-o,817
784,杖尾鱗甲龍,ジャラランガ,Kommo-o,818
785,卡璞・鳴鳴,カプ・コケコ,Tapu,
786,卡璞・蝶蝶,カプ・テテフ,Tapu,
787,卡璞・哞哞,カプ・ブルル,Tapu,
788,卡璞・鰭鰭,カプ・レヒレ,Tapu,
789,科斯莫古,コスモッグ,Cosmog,
790,科斯莫姆,コスモウム,Cosmoem,
791,索爾迦雷歐,ソルガレオ,Solgaleo,
792,露奈雅拉,ルナアーラ,Lunala,
793,虛吾伊德,ウツロイド,Nihilego,
794,爆肌蚊,マッシブーン,Buzzwole,
795,費洛美螂,フェローチェ,Pheromosa,
796,電束木,デンジュモク,Xurkitree,
797,鐵火輝夜,テッカグヤ,Celesteela,
798,紙御劍,カミツルギ,Kartana,
799,惡食大王,アクジキング,Guzzlord,
800,奈克洛茲瑪,ネクロズマ,Necrozma,
801,瑪機雅娜,マギアナ,Magearna,882
802,瑪夏多,マーシャドー,Marshadow,
803,毒貝比,ベベノム,Poipole,
804,四顎針龍,アーゴヨン,Naganadel,
805,壘磊石,ツンデツンデ,Stakataka,
806,砰頭小丑,ズガドーン,Blacephalon,
807,捷拉奧拉,ゼラオラ,Zeraora,
808,美錄坦,メルタン,Meltan,
809,美錄梅塔,メルメタル,Melmetal,
810,敲音猴,サルノリ,Grookey,948
811,啪咚猴,バチンキー,Thwackey,949
812,轟擂金剛猩,ゴリランダー,Rillaboom,950
813,炎兔兒,ヒバニー,Scorbunny,954
814,騰蹴小將,ラビフット,Raboot,955
815,閃焰王牌,エースバーン,Cinderace,956
816,淚眼蜥,メッソン,Sobble,951
817,變澀蜥,ジメレオン,Drizzile,952
818,千面避役,インテレオン,Inteleon,953
819,貪心栗鼠,ホシガリス,Skwovet,909
820,藏飽栗鼠,ヨクバリス,Greedent,910
821,稚山雀,ココガラ,Rookidee,918
822,藍鴉,アオガラス,Corvisquire,919
823,鋼鎧鴉,アーマーガア,Corviknight,920
824,索偵蟲,サッチムシ,Blipbug,
825,天罩蟲,レドームシ,Dottler,
826,以歐路普,イオルブ,Orbeetle,
827,偷兒狐,クスネ,Nickit,
828,狐大盜,フォクスライ,Thievul,
829,幼棉棉,ヒメンカ,Gossifleur,
830,白蓬蓬,ワタシラガ,Eldegoss,
831,毛辮羊,ウールー,Wooloo,
832,毛毛角羊,バイウールー,Dubwool,
833,咬咬龜,カムカメ,Chewtle,903
834,暴噬龜,カジリガメ,Drednaw,904
835,來電汪,ワンパチ,Yamper,
836,逐電犬,パルスワン,Boltund,
837,小炭仔,タンドン,Rolycoly,933
838,大炭車,トロッゴン,Carkol,934
839,巨炭山,セキタンザン,Coalossal,935
840,啃果蟲,カジッチュ,Applin,966
841,蘋裹龍,アップリュー,Flapple,967
842,豐蜜龍,タルップル,Appletun,968
843,沙包蛇,スナヘビ,Silicobra,936
844,沙螺蟒,サダイジャ,Sandaconda,937
845,古月鳥,ウッウ,Cramorant,917
846,刺梭魚,サシカマス,Arrokuda,913
847,戽斗尖梭,カマスジョー,Barraskewda,914
848,毒電嬰,エレズン,Toxel,921
849,顫弦蠑螈,ストリンダー,Toxtricity,922
850,燒火蚣,ヤクデ,Sizzlipede,
851,焚焰蚣,マルヤクデ,Centiskorch,
852,拳拳蛸,タタッコ,Clobbopus,
853,八爪武師,オトスパス,Grapploct,
854,來悲茶,ヤバチャ,Sinistea,972
855,怖思壺,ポットデス,Polteageist,973
856,迷布莉姆,ミブリム,Hatenna,969
857,提布莉姆,テブリム,Hattrem,970
858,布莉姆溫,ブリムオン,Hatterene,971
859,搗蛋小妖,ベロバー,Impidimp,957
860,詐唬魔,ギモー,Morgrem,958
861,長毛巨魔,オーロンゲ,Grimmsnarl,959
862,堵攔熊,タチフサグマ,Obstagoon,
863,喵頭目,ニャイキング,Perrserker,943
864,魔靈珊瑚,サニゴーン,Cursola,
865,蔥遊兵,ネギガナイト,Sirfetch'd,
866,踏冰人偶,バリコオル,Mr.,
867,死神板,デスバーン,Runerigus,
868,小仙奶,マホミル,Milcery,
869,霜奶仙,マホイップ,Alcremie,
870,列陣兵,タイレーツ,Falinks,923
871,啪嚓海膽,バチンウニ,Pincurchin,944
872,雪吞蟲,ユキハミ,Snom,945
873,雪絨蛾,モスノウ,Frosmoth,946
874,巨石丁,イシヘンジン,Stonjourner,974
875,冰砌鵝,コオリッポ,Eiscue,975
876,愛管侍,イエッサン,Indeedee,942
877,莫魯貝可,モルペコ,Morpeko,941
878,銅象,ゾウドウ,Cufant,926
879,大王銅象,ダイオウドウ,Copperajah,927
880,雷鳥龍,パッチラゴン,Dracozolt,
881,雷鳥海獸,パッチルドン,Arctozolt,
882,鰓魚龍,ウオノラゴン,Dracovish,
883,鰓魚海獸,ウオチルドン,Arctovish,
884,鋁鋼龍,ジュラルドン,Duraludon,
885,多龍梅西亞,ドラメシヤ,Dreepy,976
886,多龍奇,ドロンチ,Drakloak,977
887,多龍巴魯托,ドラパルト,Dragapult,978
888,蒼響,ザシアン,Zacian,938
889,藏瑪然特,ザマゼンタ,Zamazenta,939
890,無極汰那,ムゲンダイナ,Eternatus,940
891,熊徒弟,ダクマ,Kubfu,982
892,武道熊師,ウーラオス,Urshifu,983
893,薩戮德,ザルード,Zarude,988
894,雷吉艾勒奇,レジエレキ,Regieleki,989
895,雷吉鐸拉戈,レジドラゴ,Regidrago,990
896,雪暴馬,ブリザポス,Glastrier,984
897,靈幽馬,レイスポス,Spectrier,985
898,蕾冠王,バドレックス,Calyrex,986
899,詭角鹿,アヤシシ,Wyrdeer,1001
900,劈斧螳螂,バサギリ,Kleavor,1002
901,月月熊,ガチグマ,Ursaluna,1007
902,幽尾玄魚,イダイトウ,Basculegion,1006
903,大狃拉,オオニューラ,Sneasler,1003
904,萬針魚,ハリーマン,Overqwil,1005
905,眷戀雲,ラブトロス,Enamorus,1004
906,新葉喵,ニャオハ,Sprigatito,1010
907,蒂蕾喵,ニャローテ,Floragato,1011
908,魔幻假面喵,マスカーニャ,Meowscarada,1012
909,呆火鱷,ホゲータ,Fuecoco,1013
910,炙燙鱷,アチゲータ,Crocalor,1014
911,骨紋巨聲鱷,ラウドボーン,Skeledirge,1015
912,潤水鴨,クワッス,Quaxly,1016
913,湧躍鴨,ウェルカモ,Quaxwell,1017
914,狂歡浪舞鴨,ウェーニバル,Quaquaval,1018
915,愛吃豚,グルトン,Lechonk,1019
916,飄香豚,パフュートン,Oinkologne,1020
917,團珠蛛,タマンチュラ,Tarountula,1022
918,操陷蛛,ワナイダー,Spidops,1023
919,豆蟋蟀,マメバッタ,Nymble,1024
920,烈腿蝗,エクスレッグ,Lokix,1025
921,布撥,パモ,Pawmi,1058
922,布土撥,パモット,Pawmo,1059
923,巴布土撥,パーモット,Pawmot,1060
924,一對鼠,ワッカネズミ,Tandemaus,1049
925,一家鼠,イッカネズミ,Maushold,1050
926,狗仔包,パピモッチ,Fidough,1074
927,麻花犬,バウッツェル,Dachsbun,1075
928,迷你芙,ミニーブ,Smoliv,1039
929,奧利紐,オリーニョ,Dolliv,1040
930,奧利瓦,オリーヴァ,Arboliva,1041
931,怒鸚哥,イキリンコ,Squawkabilly,1064
932,鹽石寶,コジオ,Nacli,1067
933,鹽石壘,ジオヅム,Naclstack,1068
934,鹽石巨靈,キョジオーン,Garganacl,1069
935,炭小侍,カルボウ,Charcadet,1107
936,紅蓮鎧騎,グレンアルマ,Armarouge,1108
937,蒼炎刃鬼,ソウブレイズ,Ceruledge,1109
938,光蚪仔,ズピカ,Tadbulb,1044
939,電肚蛙,ハラバリー,Bellibolt,1045
940,電海燕,カイデン,Wattrel,1061
941,大電海燕,タイカイデン,Kilowattrel,1062
942,偶叫獒,オラチフ,Maschiff,1076
943,獒教父,マフィティフ,Mabosstiff,1077
944,滋汁鼴,シルシュルー,Shroodle,1072
945,塗標客,タギングル,Grafaiai,1073
946,納噬草,アノクサ,Bramblin,1078
947,怖納噬草,アノホラグサ,Brambleghast,1079
948,原野水母,ノノクラゲ,Toedscool,1110
949,陸地水母,リククラゲ,Toedscruel,1111
950,毛崖蟹,ガケガニ,Klawf,1066
951,熱辣娃,カプサイジ,Capsakid,1042
952,狠辣椒,スコヴィラン,Scovillain,1043
953,蟲滾泥,シガロコ,Rellor,1026
954,蟲甲聖,ベラカス,Rabsca,1027
955,飄飄雛,ヒラヒナ,Flittle,1030
956,超能艷鴕,クエスパトラ,Espathra,1031
957,小鍛匠,カヌチャン,Tinkatink,1104
958,巧鍛匠,ナカヌチャン,Tinkatuff,1105
959,巨鍛匠,デカヌチャン,Tinkaton,1106
960,海地鼠,ウミディグダ,Wiglett,1033
961,三海地鼠,ウミトリオ,Wugtrio,1034
962,下石鳥,オトシドリ,Bombirdier,1063
963,波普海豚,ナミイルカ,Finizen,1037
964,海豚俠,イルカマン,Palafin,1038
965,噗隆隆,ブロロン,Varoom,1046
966,普隆隆姆,ブロロローム,Revavroom,1047
967,摩托蜥,モトトカゲ,Cyclizar,1057
968,拖拖蚓,ミミズズ,Orthworm,1048
969,晶光芽,キラーメ,Glimmet,1070
970,晶光花,キラフロル,Glimmora,1071
971,墓仔狗,ボチ,Greavard,1028
972,墓揚犬,ハカドッグ,Houndstone,1029
973,纏紅鶴,カラミンゴ,Flamigo,1065
974,走鯨,アルクジラ,Cetoddle,1051
975,浩大鯨,ハルクジラ,Cetitan,1052
976,輕身鱈,ミガルーサ,Veluza,1036
977,吃吼霸,ヘイラッシャ,Dondozo,1035
978,米立龍,シャリタツ,Tatsugiri,1056
979,棄世猴,コノヨザル,Annihilape,1114
980,土王,ドオー,Clodsire,1113
981,奇麒麟,リキキリン,Farigiraf,1032
982,土龍節節,ノココッチ,Dudunsparce,1021
983,仆斬將軍,ドドゲザン,Kingambit,1112
984,雄偉牙,イダイナキバ,Great Tusk,1082
985,吼叫尾,サケブシッポ,Scream Tail,1086
986,猛惡菇,アラブルタケ,Brute Bonnet,1083
987,振翼髮,ハバタクカミ,Flutter Mane,1087
988,爬地翅,チヲハウハネ,Slither Wing,1088
989,沙鐵皮,スナノケガワ,Sandy Shocks,1085
990,鐵轍跡,テツノワダチ,Iron Treads,1090
991,鐵包袱,テツノツツミ,Iron Bundle,1096
992,鐵臂膀,テツノカイナ,Iron Hands,1093
993,鐵脖頸,テツノコウベ,Iron Jugulis,1094
994,鐵毒蛾,テツノドクガ,Iron Moth,1092
995,鐵荊棘,テツノイバラ,Iron Thorns,1095
996,涼脊龍,セビエ,Frigibax,1053
997,凍脊龍,セゴール,Arctibax,1054
998,戟脊龍,セグレイブ,Baxcalibur,1055
999,索財靈,コレクレー,Gimmighoul,1080
1000,賽富豪,サーフゴー,Gholdengo,1081
1001,古簡蝸,チオンジェン,Wo-Chien,1100
1002,古劍豹,パオジアン,Chien-Pao,1099
1003,古鼎鹿,ディンルー,Ting-Lu,1098
1004,古玉魚,イーユイ,Chi-Yu,1101
1005,轟鳴月,トドロクツキ,Roaring,1089
1006,鐵武者,テツノブジン,Iron,1097
1007,故勒頓,コライドン,Koraidon,1102
1008,密勒頓,ミライドン,Miraidon,1103
1009,波盪水,ウネルミナモ,Walking Wake,1084
1010,鐵斑葉,テツノイサハ,Iron Leaves,1091
1011,裹蜜蟲,カミッチュ,Dipplin,1121
1012,斯魔茶,チャデス,Poltchageist,1133
1013,來悲粗茶,ヤバソチャ,Sinistcha,1134
1014,夠讚狗,イイネイヌ,Okidogi,1124
1015,願增猿,マシマシラ,Munkidori,1123
1016,吉雉雞,キチキギス,Fezandipiti,1125
1017,厄鬼椪,オーガポン,Ogerpon,1120
1018,鋁鋼橋龍,ブリジュラス,Archaludon,
1019,蜜集大蛇,カミツオロチ,Hydrapple,
1020,破空焰,ウガツホムラ,Gouging Fire,
1021,猛雷鼓,タケルライコ,Raging Bolt,
1022,鐵磐岩,テツノイワオ,Iron Boulder,
1023,鐵頭殼,テツノカシラ,Iron Crown,
1024,太樂巴戈斯,テラパゴス,Terapagos,
1025,桃歹郎,モモワロウ,Pecharunt,